INSERT INTO "main"."AUTHOR" ("Author_ID", "Fname", "Mi", "Lname") VALUES 
  ('0', 'Chip', '', 'Dawes'),
  ('1', 'Benjamin', '', 'Czaczkes'),
  ('2', 'Biju', '', 'Thomas'),
  ('3', 'Doug', '', 'Stuns'),
  ('4', 'Matthew', '', 'Weishan'),
  ('5', 'Joseph', 'C', 'Johnson'),
  ('6', 'Brian', '', 'Knight'),
  ('7', 'Ralph', '', 'Kimball'),
  ('8', 'Margy', '', 'Ross'),
  ('9', 'Bill', '', 'Mann'),
  ('10', 'Ian', 'H', 'Witten'),
  ('11', 'Eibe', '', 'Frank'),
  ('12', 'Robert', 'D', 'Schmidt'),
  ('13', 'Ken', '', 'Henderson'),
  ('14', 'Paul', '', 'Litwin'),
  ('15', 'Ken', '', 'Getz'),
  ('16', 'Mike', '', 'Gunderloy'),
  ('17', 'Ben', '', 'Forta'),
  ('18', 'Nate', '', 'Weiss'),
  ('19', 'Leon', '', 'Chalnick'),
  ('20', 'Angela', 'C', 'Buraglia'),
  ('21', 'Ramez', 'A', 'Elmasri'),
  ('22', 'Shamkant', 'B', 'Navathe'),
  ('23', 'Rob', '', 'Vieira'),
  ('24', 'Paul', '', 'DuBois'),
  ('25', 'Laurell', 'K', 'Hamilton'),
  ('26', 'Sue', 'M', 'Kidd'),
  ('27', 'Tara', '', 'Calishain'),
  ('28', 'Rael', '', 'Dornfest'),
  ('29', 'Jay', 'P', 'Decima'),
  ('30', 'Wladyslaw', '', 'Szpilman'),
  ('31', 'Roma', '', 'Ligocka'),
  ('32', 'Michael', '', 'Cunningham'),
  ('33', 'Larry', '', 'Bossidy'),
  ('34', 'Ram', '', 'Charan'),
  ('35', 'Charles', '', 'Burck'),
  ('36', 'James', '', 'Patterson'),
  ('37', 'Andrew', '', 'Gross'),
  ('38', 'Jeffery', '', 'Deaver'),
  ('39', 'Jacquelyn', '', 'Mitchard'),
  ('40', 'Patrick', '', 'Lencioni'),
  ('41', 'Mary', 'H', 'Clark'),
  ('42', 'Dee', '', 'Henderson'),
  ('43', 'Ann', '', 'Patchett'),
  ('44', 'Karen', 'M', 'Moning'),
  ('45', 'Suzanne', '', 'Brockmann'),
  ('46', 'Steven', '', 'Pinker'),
  ('47', 'Albert-László', '', 'Barabási'),
  ('48', 'Edward', 'O', 'Wilson'),
  ('49', 'Stephen', '', 'Wolfram'),
  ('50', 'Harold', '', 'McGee'),
  ('51', 'Francis', 'D', 'Ching'),
  ('52', 'Cassandra', '', 'Adams'),
  ('53', 'Virginia', '', 'McAlester'),
  ('54', 'Lee', '', 'McAlester'),
  ('55', 'Bryan', '', 'Burkhart'),
  ('56', 'Allison', '', 'Arieff'),
  ('57', 'Ralph', 'R', 'Kylloe'),
  ('58', 'Leslie', 'P', 'Clagett'),
  ('59', 'Gerard', '', 'Gefen'),
  ('60', 'Christine', '', 'Bastin'),
  ('61', 'Jacques', '', 'Evrard'),
  ('62', 'Donald', '', 'Kaufman'),
  ('63', 'Taffy', '', 'Dahl'),
  ('64', 'Laurel', '', 'Graeber'),
  ('65', 'Tina', '', 'Freeman'),
  ('66', 'Simon', '', 'Benninga'),
  ('67', 'Mark', '', 'Grinblatt'),
  ('68', 'Sheridan', '', 'Titman'),
  ('69', 'Robert', 'C', 'Higgins'),
  ('70', 'Paul', 'M', 'Fischer'),
  ('71', 'William', 'J', 'Taylor'),
  ('72', 'Rita', 'H', 'Cheng'),
  ('73', 'Donald', 'E', 'Kieso'),
  ('74', 'Jerry', 'J', 'Weygandt'),
  ('75', 'Terry', 'D', 'Warfield'),
  ('76', 'Lawrence', '', 'Revsine'),
  ('77', 'Daniel', 'W', 'Collins'),
  ('78', 'W', 'B', 'Johnson'),
  ('79', 'Nicholas', '', 'Sparks'),
  ('80', 'Don', '', 'DeLillo'),
  ('81', 'Stephen', '', 'King'),
  ('82', 'Mark', 'Z', 'Danielewski'),
  ('83', 'Michael', '', 'Romkey'),
  ('84', 'Chuck', '', 'Palahniuk'),
  ('85', 'Matthew', '', 'Delaney'),
  ('86', 'Bernie', '', 'Wrightson'),
  ('88', 'Jeffrey', 'M', 'Wooldridge'),
  ('89', 'Steven', 'J', 'Root'),
  ('90', 'Ken', '', 'Coffman'),
  ('91', 'Gerald', '', 'Carter'),
  ('92', 'Scott', '', 'Kelby'),
  ('93', 'BJ', '', 'Fogg'),
  ('94', 'Michael', '', 'Meyers'),
  ('95', 'Carl', '', 'Sagan'),
  ('96', 'Alice', '', 'Sebold'),
  ('97', 'Ian', '', 'McEwan'),
  ('98', 'Nora', '', 'Roberts'),
  ('99', 'Andy', '', 'Rae'),
  ('100', 'Joseph', '', 'Truini'),
  ('101', 'Terry', '', 'Pratchett');

INSERT INTO "main"."AUTHOR_BOOK" ("AuthorID", "BookID") VALUES 
  ('0', '0782140661'),
  ('1', '0262024829'),
  ('2', '0782140661'),
  ('3', '0782140661'),
  ('4', '0782140661'),
  ('5', '0782140661'),
  ('6', '0072227885'),
  ('7', '0471200247'),
  ('8', '0471200247'),
  ('9', '0072227710'),
  ('10', '1558605525'),
  ('11', '1558605525'),
  ('12', '0972263608'),
  ('13', '0201615762'),
  ('14', '0782140114'),
  ('15', '0782140114'),
  ('16', '0782140114'),
  ('17', '0321125169'),
  ('18', '0321125169'),
  ('19', '0321125169'),
  ('20', '0321125169'),
  ('21', '0805317554'),
  ('22', '0805317554'),
  ('23', '1861004486'),
  ('24', '0735712123'),
  ('25', '0425188361'),
  ('26', '0142001740'),
  ('27', '0596004478'),
  ('28', '0596004478'),
  ('29', '0071414339'),
  ('30', '0312311354'),
  ('31', '0312287941'),
  ('32', '0312243022'),
  ('33', '0609610570'),
  ('34', '0609610570'),
  ('35', '0609610570'),
  ('36', '0316602051'),
  ('37', '0316602051'),
  ('38', '0743222008'),
  ('39', '0066214750'),
  ('40', '0787960756'),
  ('41', '0743206061'),
  ('42', '1590520734'),
  ('43', '0156006219'),
  ('43', '0060540753'),
  ('43', '0060934417'),
  ('44', '0440237556'),
  ('45', '0373272839'),
  ('46', '0393318486'),
  ('46', '0060958332'),
  ('46', '0060958405'),
  ('46', '0670031518'),
  ('47', '0738206679'),
  ('48', '067463442X'),
  ('48', '0393319407'),
  ('48', '0679450785'),
  ('48', '067976867X'),
  ('49', '1579550088'),
  ('50', '0684843285'),
  ('51', '0471286168'),
  ('51', '0471288217'),
  ('51', '0471358983'),
  ('52', '0471358983'),
  ('53', '0394739698'),
  ('54', '0394739698'),
  ('55', '1586851322'),
  ('56', '1586851322'),
  ('57', '1586851357'),
  ('58', '156158648X'),
  ('59', '0865659982'),
  ('60', '0865659982'),
  ('61', '0865659982'),
  ('62', '0517576600'),
  ('63', '0517576600'),
  ('64', '0517576600'),
  ('65', '0517576600'),
  ('66', '0262024829'),
  ('66', '0262521415'),
  ('67', '0072294337'),
  ('68', '0072294337'),
  ('69', '0072315318'),
  ('70', '0324107501'),
  ('71', '0324107501'),
  ('72', '0324107501'),
  ('73', '0471363049'),
  ('74', '0471363049'),
  ('75', '0471363049'),
  ('76', '0130323519'),
  ('77', '0130323519'),
  ('78', '0130323519'),
  ('79', '0446527793'),
  ('79', '0446606812'),
  ('79', '0446608955'),
  ('79', '0446676098'),
  ('80', '0140077022'),
  ('80', '0679722955'),
  ('80', '0684848155'),
  ('80', '0743244249'),
  ('81', '0743455967'),
  ('81', '0743457358'),
  ('81', '0743467523'),
  ('81', '1880418568'),
  ('82', '0375703764'),
  ('83', '0345452089'),
  ('84', '0385504470'),
  ('85', '0312276702'),
  ('86', '1880418568'),
  ('88', '0262232197'),
  ('88', '0324113641'),
  ('89', '0471391123'),
  ('90', '0130998516'),
  ('91', '1565924916'),
  ('92', '0735712360'),
  ('92', '0735712379'),
  ('92', '0735713170'),
  ('93', '1558606432'),
  ('94', '0072222743'),
  ('95', '0345336895'),
  ('95', '0345376595'),
  ('95', '0345409469'),
  ('95', '0375508325'),
  ('95', '0671004107'),
  ('96', '0316096199'),
  ('96', '0316666343'),
  ('97', '038572179X'),
  ('97', '0385494149'),
  ('97', '0385494246'),
  ('97', '0385494327'),
  ('98', '0373218192'),
  ('98', '0373218257'),
  ('98', '0399149392'),
  ('98', '0399149848'),
  ('99', '1561584029'),
  ('99', '1579902944'),
  ('100', '1561586196'),
  ('101', '0060502935'),
  ('101', '0060855925'),
  ('101', '0061020648'),
  ('101', '0061020656'),
  ('101', '0061092177'),
  ('101', '0061161721');
  
INSERT INTO "main"."BOOK" ("ISBN", "Pub_Date", "Price", "Stock", "Title", "Genre", "Publisher_ID") VALUES
  ('0782140661', '2002', '104.97', '1', 'OCP: Oracle9i Certification Kit', 'Computer', '2'),
  ('0072227885', '2003', '34.99', '4', "SQL Server 2000 for Experienced DBA's", 'Computer', '3'),
  ('0471200247', '2002', '50', '3', 'The Data Warehouse Toolkit: The Complete Guide to Dimensional Modeling', 'Computer', '4'),
  ('0072227710', '2003', '17.49', '11', 'How To Do Everything with Your Tablet PC', 'Computer', '3'),
  ('1558605525', '1999', '49.95', '16', 'Data Mining: Practical Machine Learning Tools and Techniques with Java Implementations', 'Computer', '5'),
  ('0972263608', '2002', '99', '2', 'Creating Documents with BusinessObjects 5.1', 'Computer', '6'),
  ('0201615762', '2000', '38.49', '17', "The Guru's Guide to Transact-SQL", 'Computer', '7'),
  ('0782140114', '2001', '69.99', '14', "Access 2002 Developer's Handbook Set", 'Computer', '2'),
  ('0321125169', '2002', '38.49', '6', 'ColdFusion MX Web Application Construction Kit', 'Computer', '8'),
  ('0805317554', '1999', '95', '10', 'Fundamentals of Database Systems', 'Computer', '9'),
  ('1861004486', '2000', '41.99', '3', 'Professional SQL Server 2000 Programming', 'Computer', '10'),
  ('0735712123', '2003', '34.99', '13', 'MySQL', 'Computer', '9'),
  ('0425188361', '2003', '16.07', '18', 'Cerulean Sins', 'Literature & Fiction', '11'),
  ('0142001740', '2003', '14', '7', 'The Secret Life of Bees', 'Literature & Fiction', '12'),
  ('0596004478', '2003', '24.95', '9', 'Google Hacks', 'Computer', '13'),
  ('0071414339', '2003', '18.95', '5', 'Investing in Fixer-Uppers: A Complete Guide to Buying Low, Fixing Smart, Adding Value, and Selling (or Renting) High', 'Accounting & Finance', '14'),
  ('0312311354', '2003', '13', '16', 'The Pianist', 'Literature & Fiction', '15'),
  ('0312287941', '2002', '25.95', '1', 'The Girl in the Red Coat: A Memoir', 'Literature & Fiction', '16'),
  ('0312243022', '2000', '3.44', '10', 'The Hours', 'Literature & Fiction', '15'),
  ('0609610570', '2002', '27.5', '15', 'Execution: The Discipline of Getting Things Done', 'Reference', '17'),
  ('0316602051', '2003', '27.95', '4', 'The Jester', 'Literature & Fiction', '18'),
  ('0743222008', '2003', '25', '8', 'The Vanished Man: A Lincoln Rhyme Novel', 'Literature & Fiction', '19'),
  ('0066214750', '2003', '25.95', '11', 'Twelve Times Blessed', 'Literature & Fiction', '20'),
  ('0787960756', '2002', '13.2', '0', 'The Five Dysfunctions of a Team: A Leadership Fable', 'Accounting & Finance', '21'),
  ('0743206061', '2003', '26', '14', 'The Second Time Around', 'Accounting & Finance', '19'),
  ('1590520734', '2003', '12.99', '17', "The Rescuer: The O'Malley Series", 'Romance', '22'),
  ('0060934417', '2002', '13.95', '5', 'Bel Canto: A Novel', 'Romance', '23'),
  ('0440237556', '2002', '6.99', '9', 'The Dark Highlander', 'Romance', '24'),
  ('0373272839', '2003', '4.75', '18', 'Letters to Kelly', 'Romance', '25'),
  ('0670031518', '2002', '27.95', '11', 'The Blank Slate: The Modern Denial of Human Nature', 'Science', '26'),
  ('0738206679', '2002', '26', '4', 'Linked: The New Science of Networks', 'Science', '27'),
  ('067976867X', '1999', '15', 'Book', 'Consilience: The Unity of Knowledge', 'Science', '28'),
  ('0679450785', '2002', '22', '8', 'The Future of Life', 'Science', '29'),
  ('1579550088', '2002', '44.95', '10', 'A New Kind of Science', 'Science', '30'),
  ('0684843285', '1997', '22', '7', 'ON FOOD AND COOKING', 'Science', '31'),
  ('0471358983', '2000', '40', '3', 'Building Construction Illustrated', 'Home Design', '4'),
  ('0394739698', '1984', '24.95', '19', 'A Field Guide to American Houses', 'Home Design', '32'),
  ('1586851322', '2002', '39.95', '12', 'Prefab', 'Home Design', '33'),
  ('1586851357', '2002', '60', '2', 'Cabins & Camps', 'Home Design', '33'),
  ('156158648X', '2003', '24.95', '0', 'The New City Home: Smart Solutions for Metro Living', 'Home Design', '34'),
  ('0865659982', '1998', '50', '13', 'Composers'' Houses', 'Home Design', '35'),
  ('0517576600', '1992', '50', '10', 'Color: Natural Palettes for Painted Rooms', 'Home Design', '36'),
  ('0262024829', '2000', '70', '19', 'Financial Modeling', 'Accounting & Finance', '37'),
  ('0385494327', '1999', '14', '5', 'Black Dogs', 'Literature & Fiction', '58'),
  ('0385494149', '1999', '13', '16', 'Enduring Love', 'Literature & Fiction', '58'),
  ('0399149848', '2003', '25.95', '3', 'Birthright', 'Literature & Fiction', '59'),
  ('0373218192', '2003', '7.5', '12', 'Engaging The Enemy', 'Literature & Fiction', '60'),
  ('0373218257', '2003', '14.95', '1', 'Love By Design', 'Literature & Fiction', '25'),
  ('0399149392', '2002', '25.95', '11', 'Chesapeake Blue', 'Literature & Fiction', '59'),
  ('1561584029', '2001', '39.95', '6', 'The Complete Illustrated Guide to Furniture and Cabinet Construction', 'Home Design', '34'),
  ('1579902944', '2002', '19.95', '9', 'Choosing & Using Hand Tools', 'Home Design', '61'),
  ('1561586196', '2003', '19.95', '0', 'Building a Shed', 'Home Design', '34'),
  ('0061092177', '1994', '7.99', '18', 'Small Gods', 'Fantasy', '62'),
  ('0060502935', '2005', '7.99', '4', 'Going Postal', 'Fantasy', '62'),
  ('0061020656', '2001', '7.99', '15', 'Pyramids', 'Fantasy', '62'),
  ('0060855925', '2005', '13.99', '2', 'The Color of Magic', 'Fantasy', '62'),
  ('0061020648', '2001', '7.99', '13', 'Guards! Guards!', 'Fantasy', '62'),
  ('0061161721', '2010', '7.99', '14', 'Unseen Academicals', 'Fantasy', '62'),
  ('0446606812', '1999', '7.5', '7', 'Message in a Bottle', 'Literature & Fiction', '41'),
  ('0262521415', '1989', '35', '5', 'Numerical Techniques in Finance', 'Accounting & Finance', '37'),
  ('0262232197', '2001', '74.95', '16', 'Econometric Analysis of Cross Section and Panel Data', 'Accounting & Finance', '37'),
  ('0324113641', '2002', '107.95', '3', 'Introductory Econometrics: A Modern Approach', 'Accounting & Finance', '39'),
  ('0471391123', '2000', '50', '12', 'Beyond Coso: Internal Control to Enhance Corporate Governance', 'Accounting & Finance', '4'),
  ('0130998516', '1999', '83', '1', 'Real World FPGA Design with Verilog', 'Computer', '54'),
  ('1565924916', '2003', '39.95', '11', 'Ldap System Administration', 'Computer', '13'),
  ('0735712360', '2003', '39.99', '6', 'The Photoshop Book for Digital Photographers', 'Computer', '55'),
  ('0735712379', '2002', '39.99', '9', 'Photoshop 7 Down & Dirty Tricks', 'Computer', '55'),
  ('0735713170', '2002', '29.99', '0', 'Mac OS X v. 10.2 Jaguar Killer Tips', 'Computer', '55'),
  ('1558606432', '2002', '34.95', '18', 'Persuasive Technology: Using Computers to Change What We Think and Do', 'Computer', '5'),
  ('0072222743', '2002', '59.99', '4', 'A+ Certification All-in-One Exam Guide', 'Computer', '3'),
  ('0345409469', '1997', '14.95', '15', 'The Demon-Haunted World: Science As a Candle in the Dark', 'Science', '56'),
  ('0375508325', '2002', '35', '2', 'Cosmos', 'Science', '28'),
  ('0345336895', '1993', '6.99', '13', "Broca's Brain: Reflections on the Romance of Science", 'Science', '56'),
  ('0671004107', '1997', '7.99', '14', 'Contact', 'Science', '43'),
  ('0345376595', '1997', '12.95', '17', 'Pale Blue Dot: A Vision of the Human Future in Space', 'Science', '56'),
  ('0316666343', '2002', '21.95', '8', 'The Lovely Bones: A Novel', 'Literature & Fiction', '18'),
  ('0316096199', '2002', '11.95', '19', 'Lucky: A Memoir', 'Literature & Fiction', '57'),
  ('038572179X', '2003', '14', '10', 'Atonement', 'Literature & Fiction', '58'),
  ('0385494246', '1999', '12', '7', 'Amsterdam', 'Literature & Fiction', '58'),
  ('0385504470', '2002', '17.47', '5', 'Lullaby: A Novel', 'Horror', '46'),
  ('0312276702', '2003', '24.95', '8', 'Jinn: A Novel', 'Horror', '16'),
  ('0743457358', '2002', '7.99', '16', "Everything's Eventual: 14 Dark Tales", 'Horror', '43'),
  ('1880418568', '2003', '35', '3', 'Wolves of the Calla', 'Horror', '47'),
  ('0743455967', '2002', '7.99', '1', 'On Writing', 'Horror', '43'),
  ('0140077022', '1991', '14', '11', 'White Noise', 'Literature & Fiction', '12'),
  ('0679722955', '1989', '11.2', '6', 'The Names', 'Literature & Fiction', '48'),
  ('0684848155', '1998', '16', '9', 'UNDERWORLD: A NOVEL', 'Literature & Fiction', '49'),
  ('0471286168', '1996', '39.95', '0', 'Architecture: Form, Space, and Order', 'Home Design', '4'),
  ('0471288217', '1996', '39.95', '18', 'A Visual Dictionary of Architecture', 'Home Design', '4'),
  ('0156006219', '1998', '13', '4', "The Magician's Assistant", 'Romance', '50'),
  ('0060540753', '2003', '13.95', '15', 'Patron Saint of Liars', 'Romance', '51'),
  ('0393318486', '1999', '17.95', '2', 'How the Mind Works', 'Science', '52'),
  ('0060958332', '2000', '10.5', '13', 'The Language Instinct: How the Mind Creates Language', 'Science', '23'),
  ('0060958405', '2000', '15', '14', 'Words and Rules: The Ingredients of Language', 'Science', '23'),
  ('0393319407', '1999', '16.95', '17', 'The Diversity of Life', 'Science', '52'),
  ('067463442X', '1988', '18.95', '8', 'On Human Nature', 'Science', '53'),
  ('0446608955', '2000', '6.99', '19', 'A Walk to Remember', 'Literature & Fiction', '41'),
  ('0446676098', '1999', '12.95', '10', 'The Notebook', 'Literature & Fiction', '41'),
  ('0072294337', '2001', '122.5', '8', 'Financial Markets & Corporate Strategy', 'Accounting & Finance', '38'),
  ('0072315318', '2000', '79.2', '18', 'Analysis for Financial Management', 'Accounting & Finance', '38'),
  ('0324107501', '2001', '112.95', '16', 'Advanced Accounting', 'Accounting & Finance', '39'),
  ('0471363049', '2001', '139.2', '11', 'Intermediate Accounting', 'Accounting & Finance', '4'),
  ('0130323519', '2001', '126.67', '15', 'Financial Reporting and Analysis', 'Accounting & Finance', '40'),
  ('0446527793', '2003', '24.95', '2', 'The Guardian', 'Literature & Fiction', '41'),
  ('0375703764', '2000', '19.95', '19', 'House of Leaves', 'Horror', '44'),
  ('0345452089', '2003', '6.99', '7', "The Vampire's Violin", 'Horror', '45'),
  ('0743467523', '2003', '7.99', '10', 'Dreamcatcher', 'Horror', '43'),
  ('0743244249', '2003', '25', '17', 'Cosmopolis: A Novel', 'Literature & Fiction', '42');

INSERT INTO "main"."CUSTOMER" ("Cust_ID", "Fname", "Mi", "Lname", "Bill_addr", "Ship_addr", "PNum", "Email") VALUES 
  ('1', 'John', 'A', 'Doe', '123 Main St', '123 Main St', '555-123-1111', 'john.doe@example.com'),
  ('2', 'Jane', 'B', 'Smith', '456 Oak St', '456 Oak St', '555-234-2222', 'jane.smith@example.com'),
  ('3', 'Michael', 'C', 'Johnson', '789 Pine St', '789 Pine St', '555-345-3333', 'michael.johnson@example.com'),
  ('4', 'Emily', 'D', 'Williams', '101 Elm St', '101 Elm St', '555-456-4444', 'emily.williams@example.com'),
  ('5', 'Christopher', 'E', 'Brown', '202 Cedar St', '202 Cedar St', '555-567-5555', 'christopher.brown@example.com'),
  ('6', 'Jessica', 'F', 'Jones', '303 Walnut St', '303 Walnut St', '555-678-6666', 'jessica.jones@example.com'),
  ('7', 'Matthew', 'G', 'Davis', '404 Maple St', '404 Maple St', '555-789-7777', 'matthew.davis@example.com'),
  ('8', 'Amanda', 'H', 'Miller', '505 Birch St', '505 Birch St', '555-890-8888', 'amanda.miller@example.com'),
  ('9', 'Daniel', 'I', 'Wilson', '606 Pine St', '606 Pine St', '555-901-9999', 'daniel.wilson@example.com'),
  ('10', 'Sarah', 'J', 'Taylor', '707 Oak St', '707 Oak St', '555-012-0000', 'sarah.taylor@example.com'),
  ('11', 'David', 'K', 'Anderson', '808 Main St', '808 Main St', '555-123-2323', 'david.anderson@example.com'),
  ('12', 'Ashley', 'L', 'Thomas', '909 Elm St', '909 Elm St', '555-234-4545', 'ashley.thomas@example.com'),
  ('13', 'James', 'M', 'Wilson', '111 Pine St', '111 Pine St', '555-345-6767', 'james.wilson@example.com'),
  ('14', 'Jennifer', 'N', 'Brown', '222 Cedar St', '222 Cedar St', '555-456-8989', 'jennifer.brown@example.com'),
  ('15', 'Robert', 'O', 'Martinez', '333 Walnut St', '333 Walnut St', '555-567-2323', 'robert.martinez@example.com'),
  ('16', 'Amanda', 'P', 'Robinson', '444 Maple St', '444 Maple St', '555-678-4545', 'amanda.robinson@example.com'),
  ('17', 'Michael', 'Q', 'Lee', '555 Birch St', '555 Birch St', '555-789-6767', 'michael.lee@example.com'),
  ('18', 'Jennifer', 'R', 'Walker', '666 Pine St', '666 Pine St', '555-890-8989', 'jennifer.walker@example.com'),
  ('19', 'William', 'S', 'Perez', '777 Oak St', '777 Oak St', '555-901-0000', 'william.perez@example.com'),
  ('20', 'Jessica', 'T', 'Gonzalez', '888 Main St', '888 Main St', '555-012-1212', 'jessica.gonzalez@example.com');


INSERT INTO "main"."CC_INFO" ("Cust_ID", "CC", "CCV", "Exp") VALUES
  ('1', '1234-5678-9012-3456', '123', '12/25'),
  ('2', '2345-6789-0123-4567', '234', '06/23'),
  ('3', '3456-7890-1234-5678', '345', '09/24'),
  ('4', '4567-8901-2345-6789', '456', '03/22'),
  ('5', '5678-9012-3456-7890', '567', '11/23'),
  ('6', '6789-0123-4567-8901', '678', '08/25'),
  ('7', '7890-1234-5678-9012', '789', '05/24'),
  ('8', '8901-2345-6789-0123', '890', '10/23'),
  ('9', '9012-3456-7890-1234', '901', '02/22'),
  ('10', '0123-4567-8901-2345', '012', '07/22'),
  ('11', '1234-5678-9012-3456', '123', '04/25'),
  ('12', '2345-6789-0123-4567', '234', '12/23'),
  ('13', '3456-7890-1234-5678', '345', '10/24'),
  ('14', '4567-8901-2345-6789', '456', '03/22'),
  ('15', '5678-9012-3456-7890', '567', '11/23'),
  ('16', '6789-0123-4567-8901', '678', '08/25'),
  ('17', '7890-1234-5678-9012', '789', '05/24'),
  ('18', '8901-2345-6789-0123', '890', '10/23'),
  ('19', '9012-3456-7890-1234', '901', '02/22'),
  ('20', '0123-4567-8901-2345', '012', '07/22');

INSERT INTO "main"."IS_CONTAINED" ("Order_ID", "Book_ID", "Quantity") VALUES 
  ('1', '0312276702', '1'),
  ('1', '067463442X', '2'),
  ('1', '1558606432', '1'),
  ('2', '0316666343', '1'),
  ('3', '0735713170', '2'),
  ('4', '0735713170', '1'),
  ('5', '0373218192', '1'),
  ('5', '0061161721', '1'),
  ('6', '0321125169', '3'),
  ('7', '0471358983', '1'),
  ('7', '0517576600', '1'),
  ('8', '0425188361', '2'),
  ('9', '0471363049', '4'),
  ('10', '0743457358', '2'),
  ('10', '0393318486', '1'),
  ('11', '0446606812', '1'),
  ('12', '0385494149', '3'),
  ('13', '0061092177', '2'),
  ('14', '0782140661', '1'),
  ('14', '0321125169', '1'),
  ('15', '0312243022', '2'),
  ('16', '067976867X', '1'),
  ('16', '0517576600', '1'),
  ('17', '0072294337', '1'),
  ('18', '0130323519', '3'),
  ('19', '156158648X', '1'),
  ('19', '0743467523', '1'),
  ('20', '0060958332', '1'),
  ('21', '1565924916', '2'),
  ('22', '0671004107', '2'),
  ('23', '0385494327', '1'),
  ('23', '0130323519', '1'),
  ('24', '0670031518', '1'),
  ('25', '0321125169', '1'),
  ('26', '0471200247', '3'),
  ('27', '1586851322', '2'),
  ('28', '0130323519', '1'),
  ('28', '0743455967', '1'),
  ('29', '0061161721', '2'),
  ('29', '1565924916', '1'),
  ('30', '0324107501', '2');

INSERT INTO "main"."ORDERS" ("Order_ID", "Customer_ID", "Order_Date", "Delivery_Date") VALUES 
  ('1', '4', '2023-05-17', '2023-05-24'),
  ('2', '12', '2023-08-10', '2023-08-13'),
  ('3', '9', '2023-04-01', '2023-04-05'),
  ('4', '15', '2023-06-27', '2023-06-30'),
  ('5', '7', '2023-02-23', '2023-02-27'),
  ('6', '11', '2023-10-29', '2023-11-01'),
  ('7', '6', '2023-01-13', '2023-01-15'),
  ('8', '14', '2023-07-05', '2023-07-08'),
  ('9', '5', '2023-09-18', '2023-09-21'),
  ('10', '3', '2023-11-30', '2023-12-03'),
  ('11', '8', '2023-08-04', '2023-08-07'),
  ('12', '2', '2023-06-15', '2023-06-18'),
  ('13', '19', '2023-03-20', '2023-03-23'),
  ('14', '10', '2023-05-02', '2023-05-05'),
  ('15', '17', '2023-12-01', '2023-12-04'),
  ('16', '13', '2023-09-11', '2023-09-14'),
  ('17', '1', '2023-04-09', '2023-04-12'),
  ('18', '16', '2023-07-29', '2023-08-01'),
  ('19', '18', '2023-10-08', '2023-10-11'),
  ('20', '20', '2023-11-22', '2023-11-25'),
  ('21', '4', '2023-05-28', '2023-06-01'),
  ('22', '12', '2023-08-19', '2023-08-23'),
  ('23', '9', '2023-04-15', '2023-04-18'),
  ('24', '15', '2023-07-10', '2023-07-14'),
  ('25', '7', '2023-03-03', '2023-03-06'),
  ('26', '11', '2023-10-10', '2023-10-13'),
  ('27', '6', '2023-01-25', '2023-01-28'),
  ('28', '14', '2023-08-26', '2023-08-29'),
  ('29', '5', '2023-10-22', '2023-10-26'),
  ('30', '3', '2023-12-11', '2023-12-14');

INSERT INTO "main"."PUBLISHER" ("Publisher_ID", "Name", "Address", "PNum") VALUES 
  ('2', 'Sybex', 'New Orleans', '234-567-8901'),
  ('3', 'McGraw-Hill Osborne Media', 'Sydney', '345-678-9012'),
  ('4', 'John Wiley & Sons', 'Tokyo', '456-789-0123'),
  ('5', 'Morgan Kaufmann', 'Berlin', '567-890-1234'),
  ('6', 'Schmidt Ink, Inc.', 'Rio de Janeiro', '678-901-2345'),
  ('7', 'Addison-Wesley Pub Co', 'Paris', '789-012-3456'),
  ('8', 'Macromedia Press', 'London', '890-123-4567'),
  ('9', 'Addison-Wesley Publishing', 'Toronto', '901-234-5678'),
  ('10', 'Wrox Press Inc', 'Dubai', '902-345-6789'),
  ('11', 'Berkley Pub Group', 'Los Angeles', '903-456-7890'),
  ('12', 'Penguin USA', 'New York City', '904-567-8901'),
  ('13', 'O''Reilly & Associates', 'Chicago', '905-678-9012'),
  ('14', 'McGraw-Hill Trade', 'Berlin', '906-789-0123'),
  ('15', 'Picador', 'Madrid', '907-890-1234'),
  ('16', 'St. Martin''s Press', 'Rome', '908-901-2345'),
  ('17', 'Crown Pub', 'São Paulo', '909-012-3456'),
  ('18', 'Little Brown & Company', 'Mexico City', '910-123-4567'),
  ('19', 'Simon & Schuster', 'Moscow', '911-234-5678'),
  ('20', 'HarperCollins', 'Shanghai', '912-345-6789'),
  ('21', 'Jossey-Bass', 'Hong Kong', '913-456-7890'),
  ('22', 'Multnomah Publishers Inc.', 'Mumbai', '914-567-8901'),
  ('23', 'Perennial', 'Bangkok', '915-678-9012'),
  ('24', 'Dell Pub Co', 'Seoul', '916-789-0123'),
  ('25', 'Harlequin', 'Istanbul', '917-890-1234'),
  ('26', 'Viking Press', 'Cairo', '918-901-2345'),
  ('27', 'Perseus Publishing', 'Singapore', '919-012-3456'),
  ('28', 'Random House', 'Lima', '920-123-4567'),
  ('29', 'Knopf', 'Bangalore', '921-234-5678'),
  ('30', 'Wolfram Media, Inc.', 'Johannesburg', '922-345-6789'),
  ('31', 'Fireside', 'Madrid', '923-456-7890'),
  ('32', 'Random House Trade Paperbacks', 'Vienna', '924-567-8901'),
  ('33', 'Gibbs Smith Publisher', 'Kolkata', '925-678-9012'),
  ('34', 'Taunton Pr', 'Sydney', '926-789-0123'),
  ('35', 'Vendome Pr', 'Rome', '927-890-1234'),
  ('36', 'Clarkson N. Potter', 'Bangkok', '928-901-2345'),
  ('37', 'MIT Press', 'Los Angeles', '929-012-3456'),
  ('38', 'McGraw-Hill Irwin', 'Shanghai', '930-123-4567'),
  ('39', 'South-Western College Pub', 'Mumbai', '931-234-5678'),
  ('40', 'Prentice Hall', 'Seoul', '932-345-6789'),
  ('41', 'Warner Books', 'Toronto', '933-456-7890'),
  ('42', 'Scribner', 'Istanbul', '934-567-8901'),
  ('43', 'Pocket Books', 'Cairo', '935-678-9012'),
  ('44', 'Pantheon Books', 'Singapore', '936-789-0123'),
  ('45', 'Del Rey', 'Lima', '937-890-1234'),
  ('46', 'Doubleday', 'Bangalore', '938-901-2345'),
  ('47', 'Donald M. Grant Publisher, Inc.', 'Johannesburg', '939-012-3456'),
  ('48', 'Vintage Books', 'Madrid', '940-123-4567'),
  ('49', 'Scribner Paperback Fiction', 'Vienna', '941-234-5678'),
  ('50', 'Harvest Books', 'Kolkata', '942-345-6789'),
  ('51', 'Harperperennial Library', 'Sydney', '943-456-7890'),
  ('52', 'W.W. Norton & Company', 'Rome', '944-567-8901'),
  ('53', 'Harvard Univ Pr', 'Bangkok', '945-678-9012'),
  ('54', 'Prentice Hall PTR', 'Los Angeles', '946-789-0123'),
  ('55', 'New Riders Publishing', 'Shanghai', '947-890-1234'),
  ('56', 'Ballantine Books', 'Mumbai', '948-901-2345'),
  ('57', 'Back Bay Books', 'Seoul', '949-012-3456'),
  ('58', 'Anchor Books', 'Toronto', '950-123-4567'),
  ('59', 'Putnam Pub Group', 'Istanbul', '951-234-5678'),
  ('60', 'Silhouette', 'Cairo', '952-345-6789'),
  ('61', 'Lark Books', 'Singapore', '953-456-7890'),
  ('62', 'Harper', 'Lima', '954-567-8901');

INSERT INTO "main"."REVIEW" ("Stars", "Date", "Customer_ID", "Book_ID") VALUES 
  ('4', '2023-05-30', '4', '0312276702'),
  ('5', '2023-06-13', '4', '067463442X'),
  ('2', '2023-06-27', '4', '1558606432'),
  ('3', '2023-08-20', '12', '0316666343'),
  ('5', '2023-04-20', '9', '0735713170'),
  ('1', '2023-07-04', '15', '0735713170'),
  ('4', '2023-03-14', '7', '0373218192'),
  ('3', '2023-03-30', '7', '0061161721'),
  ('2', '2023-11-15', '11', '0321125169'),
  ('3', '2023-01-28', '6', '0471358983'),
  ('5', '2023-02-01', '6', '0517576600'),
  ('1', '2023-07-17', '14', '0425188361'),
  ('4', '2023-09-29', '5', '0471363049'),
  ('5', '2023-12-07', '3', '0743457358'),
  ('2', '2023-12-29', '3', '0393318486'),
  ('3', '2023-08-24', '8', '0446606812'),
  ('4', '2023-06-28', '2', '0385494149'),
  ('2', '2023-03-28', '19', '0061092177'),
  ('1', '2023-05-16', '10', '0782140661'),
  ('5', '2023-05-28', '10', '0321125169');

